{
	"info": {
		"_postman_id": "4c7d8423-a2e1-4e03-bdfa-2064d7e4c5cf",
		"name": "myimdb",
		"schema": "https://schema.getpostman.com/json/collection/v2.1.0/collection.json",
		"_exporter_id": "25676208"
	},
	"item": [
		{
			"name": "ثبت‌نام کاربر جدید",
			"request": {
				"method": "POST",
				"header": [
					{
						"key": "Content-Type",
						"value": "application/json"
					},
					{
						"key": "Authorization",
						"value": "Bearer {{accesstoken}}",
						"type": "text",
						"disabled": true
					}
				],
				"body": {
					"mode": "raw",
					"raw": "{\"username\": \"op\", \"password\": \"123456\"}",
					"options": {
						"raw": {
							"language": "json"
						}
					}
				},
				"url": {
					"raw": "{{url}}/api/auth/signup/",
					"host": [
						"{{url}}"
					],
					"path": [
						"api",
						"auth",
						"signup",
						""
					]
				},
				"description": "Generated from cURL: curl -X POST http://127.0.0.1:8000/api/auth/signup/ \\\r\n-H \"Content-Type: application/json\" \\\r\n-d '{\"username\": \"parsa\", \"password\": \"123456\"}'\r\n"
			},
			"response": []
		},
		{
			"name": "ورود ",
			"event": [
				{
					"listen": "test",
					"script": {
						"exec": [
							"// Stores the access token in an environment or global variable\r",
							"var accessToken = pm.response.json().access;\r",
							"pm.environment.set(\"accesstokens\", accessToken);"
						],
						"type": "text/javascript",
						"packages": {}
					}
				}
			],
			"request": {
				"method": "POST",
				"header": [
					{
						"key": "Content-Type",
						"value": "application/json"
					}
				],
				"body": {
					"mode": "raw",
					"raw": "{\"username\": \"hadi1\", \"password\": \"tinatvk81\"}",
					"options": {
						"raw": {
							"language": "json"
						}
					}
				},
				"url": {
					"raw": "{{url}}/api/auth/login/",
					"host": [
						"{{url}}"
					],
					"path": [
						"api",
						"auth",
						"login",
						""
					]
				},
				"description": "Generated from cURL: curl -X POST http://127.0.0.1:8000/api/auth/login/ \\\r\n-H \"Content-Type: application/json\" \\\r\n-d '{\"username\": \"admin_username\", \"password\": \"admin_password\"}'\r\n"
			},
			"response": []
		},
		{
			"name": "دریافت لیست تمام کاربران",
			"request": {
				"method": "GET",
				"header": [
					{
						"key": "Authorization",
						"value": "Bearer {{accesstokens}}"
					}
				],
				"url": {
					"raw": "{{url}}/api/user/",
					"host": [
						"{{url}}"
					],
					"path": [
						"api",
						"user",
						""
					]
				},
				"description": "Generated from cURL: curl -X GET http://127.0.0.1:8000/api/user/ \\\r\n-H \"Authorization: Bearer <YOUR_ACCESS_TOKEN>\"\r\n"
			},
			"response": []
		},
		{
			"name": "دریافت مشخصات کاربر با شناسه id",
			"request": {
				"method": "GET",
				"header": [
					{
						"key": "Authorization",
						"value": "Bearer {{accesstokens}}"
					}
				],
				"url": {
					"raw": "{{url}}/api/user/2/",
					"host": [
						"{{url}}"
					],
					"path": [
						"api",
						"user",
						"2",
						""
					]
				},
				"description": "Generated from cURL: curl -X GET http://127.0.0.1:8000/api/user/<id>/ \\\r\n-H \"Authorization: Bearer <YOUR_ACCESS_TOKEN>\"\r\n"
			},
			"response": []
		},
		{
			"name": " حذف کاربر با شناسه id",
			"request": {
				"method": "DELETE",
				"header": [
					{
						"key": "Authorization",
						"value": "Bearer {{accesstokens}}"
					}
				],
				"url": {
					"raw": "{{url}}/api/user/3/",
					"host": [
						"{{url}}"
					],
					"path": [
						"api",
						"user",
						"3",
						""
					]
				},
				"description": "Generated from cURL: curl -X DELETE http://127.0.0.1:8000/api/user/<id>/ \\\r\n-H \"Authorization: Bearer <YOUR_ACCESS_TOKEN>\"\r\n"
			},
			"response": []
		},
		{
			"name": "آپدیت مشخصات کاربر",
			"request": {
				"method": "PUT",
				"header": [
					{
						"key": "Authorization",
						"value": "Bearer {{accesstokens}}"
					},
					{
						"key": "Content-Type",
						"value": "application/json"
					}
				],
				"body": {
					"mode": "raw",
					"raw": "{\"username\": \"hadi2\"}",
					"options": {
						"raw": {
							"language": "json"
						}
					}
				},
				"url": {
					"raw": "{{url}}/api/user/4/",
					"host": [
						"{{url}}"
					],
					"path": [
						"api",
						"user",
						"4",
						""
					]
				},
				"description": "Generated from cURL: curl -X PUT http://127.0.0.1:8000/api/user/<id>/ \\\r\n-H \"Authorization: Bearer <YOUR_ACCESS_TOKEN>\" \\\r\n-H \"Content-Type: application/json\" \\\r\n-d '{\"username\": \"new_username\"}'\r\n"
			},
			"response": []
		},
		{
			"name": "لیست فیلم‌ها و سریال‌های موردعلاقه کاربر",
			"request": {
				"method": "GET",
				"header": [
					{
						"key": "Authorization",
						"value": "Bearer {{accesstokens}}"
					}
				],
				"url": {
					"raw": "{{url}}/api/user/2/list/",
					"host": [
						"{{url}}"
					],
					"path": [
						"api",
						"user",
						"2",
						"list",
						""
					]
				},
				"description": "Generated from cURL: curl -X GET http://127.0.0.1:8000/api/user/<id>/list/ \\\r\n-H \"Authorization: Bearer <YOUR_ACCESS_TOKEN>\"\r\n"
			},
			"response": []
		},
		{
			"name": "اضافه کردن فیلم به لیست موردعلاقه",
			"request": {
				"method": "POST",
				"header": [
					{
						"key": "Authorization",
						"value": "Bearer {{accesstokens}}"
					},
					{
						"key": "Content-Type",
						"value": "application/json"
					}
				],
				"body": {
					"mode": "raw",
					"raw": "{\"movie_id\": 2}",
					"options": {
						"raw": {
							"language": "json"
						}
					}
				},
				"url": {
					"raw": "{{url}}/api/user/2/list/add/",
					"host": [
						"{{url}}"
					],
					"path": [
						"api",
						"user",
						"2",
						"list",
						"add",
						""
					]
				},
				"description": "Generated from cURL: curl -X POST http://127.0.0.1:8000/api/user/<id>/list/add/ \\\r\n-H \"Authorization: Bearer <YOUR_ACCESS_TOKEN>\" \\\r\n-H \"Content-Type: application/json\" \\\r\n-d '{\"movie_id\": 1}'\r\n"
			},
			"response": []
		},
		{
			"name": "نمایش لیست تمام عناوین (با صفحه‌بندی)",
			"request": {
				"method": "GET",
				"header": [
					{
						"key": "Authorization",
						"value": "Bearer {{accesstokens}}"
					}
				],
				"url": {
					"raw": "http://127.0.0.1:8000/api/title/?page=2&count=1",
					"protocol": "http",
					"host": [
						"127",
						"0",
						"0",
						"1"
					],
					"port": "8000",
					"path": [
						"api",
						"title",
						""
					],
					"query": [
						{
							"key": "page",
							"value": "2"
						},
						{
							"key": "count",
							"value": "1"
						}
					]
				},
				"description": "Generated from cURL: curl -X GET \"http://127.0.0.1:8000/api/title/?page=1&count=10\" \\\r\n-H \"Authorization: Bearer <YOUR_ACCESS_TOKEN>\"\r\n"
			},
			"response": []
		},
		{
			"name": "بررسی ارسال توکن JWT",
			"request": {
				"method": "GET",
				"header": [
					{
						"key": "Authorization",
						"value": "Bearer {{accesstokens}}"
					}
				],
				"url": {
					"raw": "{{url}}/api/user/",
					"host": [
						"{{url}}"
					],
					"path": [
						"api",
						"user",
						""
					]
				},
				"description": "Generated from cURL: curl -X GET http://127.0.0.1:8000/api/user/ \\\r\n-H \"Authorization: Bearer <ACCESS_TOKEN>\"\r\n"
			},
			"response": []
		},
		{
			"name": "تست View جدید",
			"request": {
				"method": "GET",
				"header": [
					{
						"key": "Authorization",
						"value": "Bearer {{accesstokens}}"
					}
				],
				"url": {
					"raw": "{{url}}/api/user/",
					"host": [
						"{{url}}"
					],
					"path": [
						"api",
						"user",
						""
					]
				},
				"description": "Generated from cURL: curl -X GET http://127.0.0.1:8000/api/test-token/ \\\r\n-H \"Authorization: Bearer <ACCESS_TOKEN>\"\r\n"
			},
			"response": []
		}
	]
}